Age,Gender,Major,Distance,Mode,Traffic,Time
25,Male,Computer Science,11.0,Bus,High,200.0
25,Male,Computer Science,2.0,Walk,Low,20.0
25,Male,Computer Science,4.0,Bus,Medium,120.0
24,Female,Computer Science,4.3,Bus,High,120.0
25,Male,Computer Science,6.0,Bus,Medium,65.0
25,Male,Computer Science,9.0,Bus,Medium,90.0
25,Male,Computer Science,4.0,Bus,High,100.0
25,Male,Computer Science,16.0,Bus,High,220.0
25,Male,Computer Science,6.0,Bus,High,1.0
24,Male,Computer Science,2.0,Rickshaw,Medium,35.0
25,Male,Computer Science,5.0,Bus,Medium,60.0
25,Male,Computer Science,10.0,Car,High,75.0
25,Male,Computer Science,3.0,Bus,Medium,40.0
25,Male,EEE,6.0,Bike,High,90.0
27,Male,Computer Science,15.0,Bus,Medium,180.0
23,Male,Computer Science,11.0,Car,High,90.0
25,Male,Computer Science,7.0,Bus,High,200.0
26,Male,Computer Science,8.5,Bus,Medium,150.0
26,Male,Computer Science,5.0,Bus,High,4.0
23,Male,Computer Science,5.0,Bus,Medium,60.0
25,Male,Computer Science,6.0,Bus,High,110.0
24,Female,Computer Science,3.0,Walk,Medium,25.0
25,Male,Computer Science,4.0,Bus,Low,80.0
25,Male,Computer Science,12.0,Bus,Medium,150.0
25,Male,Computer Science,5.5,Bike,High,100.0
26,Male,Computer Science,9.0,Car,Medium,120.0
27,Male,EEE,7.0,Bus,Medium,180.0
24,Male,Computer Science,3.5,Rickshaw,Medium,45.0
25,Male,Computer Science,10.5,Car,High,95.0
23,Female,Computer Science,8.0,Bus,Medium,130.0
20,Female,EEE,4.0,Bus,High,60.0
21,Female,Computer Science,10.2,Car,Medium,102.0
30,Male,Business Administration,7.8,Bus,Medium,93.6
19,Male,EEE,12.9,Car,Low,90.3
26,Female,EEE,11.6,Bus,Medium,139.2
24,Male,Business Administration,7.6,Bus,Low,53.2
18,Female,Computer Science,9.2,Car,Medium,92.0
18,Female,Engineering,7.9,Car,High,110.6
20,Female,EEE,9.8,Bus,Medium,117.6
28,Female,Computer Science,4.9,Bus,Medium,58.8
26,Male,EEE,11.7,Car,Low,81.9
29,Female,Computer Science,0.6,Walk,Low,6.0
19,Female,Business Administration,4.9,Car,Low,34.3
22,Male,Computer Science,6.3,Car,Low,44.1
27,Female,Computer Science,6.3,Bus,Medium,75.6
23,Male,Business Administration,9.7,Bus,Low,77.6
28,Male,EEE,2.6,Bus,Medium,31.2
22,Male,EEE,5.0,Car,High,70.0
25,Female,Computer Science,3.4,Car,Low,23.8
29,Female,EEE,9.2,Car,Medium,92.0
21,Female,Computer Science,1.4,Walk,Low,14.0
26,Male,Computer Science,6.0,Bus,Medium,72.0
27,Female,EEE,8.4,Car,High,117.6
25,Female,EEE,10.1,Bus,Low,80.8
28,Male,Computer Science,1.6,Walk,Low,16.0
29,Male,Computer Science,6.9,Car,High,96.6
28,Female,Computer Science,13.0,Bus,High,195.0
28,Female,Business Administration,10.8,Bus,Medium,129.6
27,Male,Computer Science,7.6,Bus,Medium,91.2
28,Male,EEE,2.8,Car,Low,19.6
19,Female,Engineering,1.8,Rickshaw,Medium,27.0
19,Female,Business Administration,0.6,Walk,Low,6.0
26,Female,EEE,4.8,Bus,High,72.0
28,Male,Business Administration,13.1,Bus,Low,104.8
21,Female,Engineering,5.8,Bus,Low,46.4
18,Male,Computer Science,10.6,Car,Medium,106.0
24,Male,Business Administration,11.5,Car,High,161.0
24,Male,Computer Science,1.7,Rickshaw,Low,20.4
20,Female,EEE,5.1,Bus,Medium,51.0
23,Male,EEE,5.0,Bus,Low,35.0
21,Male,Business Administration,1.2,Rickshaw,High,21.6
27,Male,Business Administration,10.9,Bus,Low,76.3
25,Female,Engineering,10.2,Bus,Low,71.4
26,Male,Business Administration,3.3,Bus,Low,23.1
25,Male,Business Administration,5.3,Bus,Low,42.4
22,Male,Business Administration,7.7,Car,High,107.8
24,Female,EEE,13.2,Car,High,184.8
27,Male,Business Administration,14.9,Bus,Medium,178.8
24,Male,Computer Science,10.5,Car,Low,73.5
20,Male,Computer Science,1.1,Rickshaw,Medium,16.5
23,Female,EEE,11.0,Car,Low,77.0
18,Male,EEE,1.3,Walk,Low,13.0
27,Male,Business Administration,1.5,Rickshaw,High,27.0
25,Female,Business Administration,2.3,Bus,High,34.5
29,Male,Computer Science,6.5,Car,Medium,65.0
20,Male,EEE,8.3,Bus,Medium,99.6
27,Male,Computer Science,10.6,Car,Medium,106.0
21,Female,Engineering,10.0,Car,Medium,100.0
28,Male,Engineering,1.4,Walk,Low,14.0
18,Male,Business Administration,1.8,Walk,Low,18.0
20,Female,Computer Science,4.3,Bus,High,64.5
27,Male,Business Administration,5.0,Bus,Low,35.0
26,Female,Engineering,6.8,Bus,High,95.2
18,Male,Computer Science,11.9,Bus,Low,95.2
24,Male,Engineering,11.8,Car,High,165.2
29,Female,Computer Science,13.0,Bus,High,195.0
19,Female,EEE,8.5,Car,High,119.0
21,Female,Computer Science,12.5,Bus,Medium,150.0
22,Female,Engineering,10.7,Car,Medium,107.0
30,Male,EEE,14.1,Bus,Medium,169.2
28,Female,Engineering,4.6,Bus,High,69.0
20,Male,Computer Science,8.4,Bus,Low,67.2
21,Male,Computer Science,5.6,Car,High,78.4
30,Female,Computer Science,6.0,Bus,Medium,72.0
22,Male,EEE,14.7,Car,High,205.8
23,Female,Computer Science,4.1,Bus,High,61.5
29,Male,EEE,5.7,Car,Medium,57.0
26,Female,Business Administration,4.3,Car,Low,30.1
23,Female,Computer Science,14.1,Bus,Low,112.8
29,Male,EEE,10.4,Car,High,145.6
23,Female,Computer Science,2.2,Car,High,30.8
22,Female,Computer Science,9.4,Car,Medium,94.0
21,Male,EEE,9.8,Bus,Medium,117.6
27,Male,EEE,5.5,Bus,Medium,66.0
19,Male,Business Administration,7.2,Bus,Medium,86.4
25,Female,Computer Science,7.7,Bus,Medium,77.0
29,Female,EEE,3.6,Bus,Low,25.2
22,Male,EEE,13.8,Bus,Medium,138.0
26,Male,EEE,14.5,Bus,Low,116.0
20,Female,Engineering,1.5,Rickshaw,Low,18.0
23,Female,Engineering,7.0,Car,Low,49.0
18,Female,Business Administration,0.5,Rickshaw,High,9.0
25,Male,Computer Science,11.8,Car,High,165.2
19,Female,EEE,7.6,Car,Low,53.2
18,Female,Engineering,10.6,Car,High,148.4
25,Male,EEE,14.8,Bus,High,222.0
18,Male,Computer Science,7.5,Car,Low,52.5
30,Female,Business Administration,6.5,Car,Medium,65.0
18,Female,EEE,11.1,Bus,High,166.5
23,Male,Business Administration,7.5,Car,Low,52.5
24,Female,Business Administration,4.0,Car,Low,28.0
25,Male,EEE,8.0,Bus,Low,64.0
28,Female,Business Administration,10.3,Car,High,144.2
22,Female,Engineering,8.7,Car,Medium,87.0
18,Male,EEE,10.5,Bus,High,157.5
23,Female,Engineering,11.3,Bus,High,169.5
29,Male,EEE,13.4,Car,Medium,134.0
22,Female,Engineering,7.8,Bus,Low,62.4
19,Female,Engineering,14.8,Bus,Medium,177.6
29,Male,Engineering,11.3,Car,High,158.2
21,Male,Business Administration,6.9,Car,Low,48.3
23,Male,Computer Science,1.0,Bike,Low,20.0
23,Female,Computer Science,0.2,Walk,Low,720.0
22,Male,Computer Science,0.5,Walk,Low,5.0
20,Male,Computer Science,30.0,Bus,Low,120.0
23,Female,Computer Science,1.0,Walk,Low,30.0
25,Male,Business Administration,12.0,Bus,High,200.0
20,Male,Computer Science,20.0,Bus,High,80.0
20,Male,Computer Science,22.0,Bus,Medium,1.0
25,Male,Mechanical Engineering,10.0,Bus,Medium,80.0
20,Male,Computer Science,25.0,Bus,Medium,480.0
24,Female,Business Administration,3.0,Rickshaw,Low,40.0
25,Male,Computer Science,0.25,Walk,Low,150.0
28,Male,Computer Science,2.0,Bus,High,4.0
28,Female,Computer Science,22.0,Bus,High,240.0
22,Male,Computer Science,33.0,Bus,Medium,120.0
24,Male,Computer Science,0.5,Walk,Low,10.0
23,Male,Computer Science,0.5,Walk,Low,2.0
26,Male,Computer Science,2.0,Rickshaw,Medium,6.0
24,Male,Computer Science,35.0,Walk,Low,10.0
24,Male,Computer Science,1.0,Walk,Low,20.0
21,Male,Computer Science,0.5,Walk,Low,6.0
27,Male,Computer Science,0.2,Walk,Low,10.0
28,Female,MBBS,2.0,Rickshaw,Medium,20.0
23,Male,Computer Science,0.2,Walk,Low,20.0
23,Female,Computer Science,25.3,Bus,Low,630.0
36,Male,Mechanical Engineering,50.0,Car,Low,120.0
26,Male,IT,2.0,Walk,Low,60.0
26,Male,Computer Science,8.0,Bus,Medium,3.0
32,Male,Mechanical Engineering,0.5,Walk,Low,60.0
26,Female,IT,7.0,Bus,Medium,150.0
45,Other,Engineering,29.8,Bus,High,129.0
22,Other,Computer Science,31.3,Bike,Medium,103.0
53,Other,Engineering,29.9,Bike,Medium,120.0
21,Other,Business Administration,5.6,Bus,Medium,21.0
27,Other,Biology,12.4,Walk,High,58.0
38,Other,Business Administration,16.9,Bike,High,80.0
35,Female,Business Administration,8.8,Bus,High,49.0
55,Male,Computer Science,23.2,Bus,Low,62.0
23,Male,Engineering,49.9,Walk,High,217.0
29,Male,Business Administration,19.0,Bike,Medium,67.0
30,Other,Biology,42.9,Car,High,198.0
50,Female,Biology,2.1,Car,Medium,8.0
20,Other,Business Administration,40.5,Car,Medium,128.0
21,Male,Business Administration,9.5,Walk,High,44.0
47,Female,Engineering,41.1,Bus,Medium,139.0
35,Female,Computer Science,5.7,Walk,Low,16.0
36,Female,Business Administration,40.0,Bus,Low,117.0
32,Female,Biology,36.4,Bike,Low,100.0
50,Other,Mathematics,22.0,Car,Medium,80.0
41,Other,Biology,40.2,Walk,High,193.0
24,Female,Mathematics,4.1,Walk,High,22.0
20,Male,Biology,11.2,Bike,Medium,37.0
54,Male,Mathematics,28.5,Car,High,170.0
23,Other,Engineering,19.7,Bus,High,87.0
60,Other,Mathematics,18.0,Walk,Medium,67.0
56,Male,Biology,1.5,Car,Low,3.0
57,Male,Business Administration,36.9,Walk,Low,99.0
18,Female,Engineering,4.8,Bus,Low,12.0
28,Female,Biology,39.9,Bike,Medium,125.0
54,Female,Computer Science,47.6,Car,Low,96.0
20,Other,Business Administration,3.7,Car,High,19.0
19,Other,Biology,20.6,Walk,Medium,72.0
32,Female,Mathematics,6.4,Car,High,33.0
58,Other,Engineering,33.4,Car,High,200.0
33,Male,Biology,9.8,Car,Medium,39.0
56,Female,Computer Science,48.7,Bike,High,288.0
35,Female,Mathematics,5.3,Walk,Medium,16.0
37,Other,Biology,11.0,Bike,Medium,42.0
22,Male,Business Administration,39.6,Bus,Medium,147.0
35,Male,Business Administration,5.4,Bus,Medium,20.0
47,Male,Computer Science,40.9,Bike,Low,102.0
58,Male,Computer Science,43.3,Bus,Medium,142.0
60,Male,Business Administration,49.4,Walk,High,237.0
24,Other,Biology,49.6,Bike,Medium,159.0
29,Female,Engineering,27.7,Bike,Low,82.0
55,Male,Business Administration,26.0,Walk,Low,52.0
34,Other,Biology,19.6,Bus,High,82.0
29,Female,Engineering,7.4,Car,Medium,25.0
40,Other,Biology,38.5,Car,Low,88.0
21,Female,Engineering,14.7,Bus,High,86.0
18,Male,Business Administration,45.0,Bus,Low,127.0
27,Female,Business Administration,25.1,Bike,High,128.0
57,Male,Computer Science,25.0,Bus,High,112.0
39,Male,Business Administration,30.6,Walk,Medium,98.0
39,Male,Mathematics,34.8,Bike,High,194.0
44,Female,Biology,47.2,Car,Low,136.0
19,Other,Biology,18.4,Bus,Medium,61.0
30,Other,Engineering,10.6,Walk,Medium,34.0
23,Male,Mathematics,15.6,Car,Medium,60.0
24,Male,Engineering,5.6,Bike,High,33.0
30,Other,Business Administration,6.0,Car,Medium,22.0
23,Other,Business Administration,35.6,Walk,Low,74.0
48,Other,Mathematics,40.1,Walk,High,220.0
38,Male,Engineering,46.2,Bike,High,223.0
27,Female,Computer Science,46.9,Bike,High,273.0
24,Other,Engineering,8.4,Car,High,42.0
25,Female,Mathematics,4.3,Bike,High,20.0
53,Female,Biology,5.4,Walk,Medium,18.0
43,Female,Computer Science,5.4,Walk,Low,15.0
33,Other,Biology,8.0,Bus,Low,20.0
21,Female,Business Administration,1.3,Bike,High,8.0
38,Female,Computer Science,31.6,Bike,Medium,105.0
58,Other,Engineering,41.7,Car,Low,111.0
18,Male,Computer Science,5.8,Walk,High,30.0
26,Male,Computer Science,39.8,Bus,Medium,157.0
49,Female,Engineering,23.5,Walk,Low,65.0
50,Other,Business Administration,34.1,Walk,High,200.0
50,Other,Biology,39.7,Walk,High,204.0
30,Female,Engineering,47.4,Walk,Low,118.0
20,Female,Business Administration,32.1,Walk,Low,87.0
56,Other,Mathematics,5.0,Bus,Medium,18.0
37,Male,Business Administration,48.7,Bike,Medium,193.0
26,Male,Computer Science,10.0,Bus,Medium,119.0
25,Male,Computer Science,4.0,Bus,Medium,173.0
26,Male,Computer Science,9.0,Bus,Low,76.0
25,Female,EEE,4.0,Bus,Low,126.0
25,Female,EEE,8.0,Bus,High,197.0
25,Male,Computer Science,9.0,Bus,Medium,197.0
26,Male,EEE,8.0,Bus,Medium,127.0
25,Male,EEE,6.0,Bus,Low,182.0
26,Female,EEE,10.0,Bus,Medium,79.0
25,Female,Computer Science,8.0,Bus,Medium,65.0
26,Male,EEE,9.0,Bus,High,182.0
26,Female,EEE,11.0,Bus,Low,76.0
26,Female,Computer Science,6.0,Bus,High,182.0
26,Male,EEE,9.0,Bus,High,243.0
25,Male,Computer Science,11.0,Bus,Low,218.0
25,Female,Computer Science,8.0,Bus,Medium,76.0
26,Male,Computer Science,4.0,Bus,Low,98.0
25,Male,EEE,4.0,Bus,Medium,169.0
26,Male,EEE,6.0,Bus,Low,182.0
25,Female,Computer Science,4.0,Bus,Medium,73.0
25,Male,Computer Science,5.0,Bus,High,129.0
26,Female,Computer Science,6.0,Bus,Low,134.0
25,Female,EEE,9.0,Bus,Medium,198.0
26,Male,Computer Science,4.0,Bus,Low,113.0
26,Female,EEE,4.0,Bus,High,111.0
25,Female,EEE,6.0,Bus,High,228.0
26,Male,EEE,11.0,Bus,Low,126.0
25,Male,EEE,8.0,Bus,High,105.0
26,Male,Computer Science,4.0,Bus,High,182.0
26,Female,EEE,6.0,Bus,Medium,76.0
25,Male,Computer Science,4.0,Bus,Low,66.0
26,Male,EEE,5.0,Bus,High,197.0
26,Female,EEE,11.0,Bus,Low,86.0
25,Male,Computer Science,7.0,Bus,High,136.0
26,Male,EEE,4.0,Bus,Low,173.0
25,Female,Computer Science,9.0,Bus,Low,77.0
25,Male,Computer Science,6.0,Bus,Low,80.0
26,Male,EEE,6.0,Bus,High,80.0
25,Male,Computer Science,11.0,Bus,Low,111.0
25,Female,EEE,7.0,Bus,High,210.0
26,Male,EEE,5.0,Bus,High,76.0
25,Female,EEE,7.0,Bus,Low,201.0
25,Female,Computer Science,6.0,Bus,High,148.0
25,Male,Computer Science,9.0,Bus,Low,240.0
25,Female,EEE,5.0,Bus,Medium,67.0
26,Female,Computer Science,6.0,Bus,High,153.0
26,Female,EEE,7.0,Bus,High,107.0
26,Female,EEE,7.0,Bus,Low,76.0
25,Male,EEE,10.0,Bus,Low,111.0
26,Female,EEE,9.0,Bus,High,87.0
26,Male,EEE,8.0,Bus,High,75.0
25,Male,Computer Science,9.0,Bus,High,177.0
26,Female,EEE,6.0,Bus,Medium,153.0
26,Female,EEE,4.0,Bus,Low,214.0
25,Female,EEE,9.0,Bus,Low,175.0
26,Female,Computer Science,6.0,Bus,Low,116.0
25,Male,Computer Science,6.0,Bus,Low,77.0
25,Female,Computer Science,4.0,Bus,High,65.0
25,Female,EEE,6.0,Bus,High,135.0
25,Male,EEE,7.0,Bus,High,129.0
26,Female,EEE,7.0,Bus,High,145.0
25,Male,Computer Science,8.0,Bus,Medium,126.0
26,Female,EEE,8.0,Bus,High,166.0
25,Female,Computer Science,8.0,Bus,High,145.0
26,Female,Computer Science,10.0,Bus,Low,72.0
25,Female,Computer Science,4.0,Bus,Medium,76.0
26,Male,EEE,5.0,Bus,Low,243.0
25,Male,EEE,10.0,Bus,Low,107.0
25,Female,EEE,4.0,Bus,Low,135.0
25,Female,Computer Science,7.0,Bus,High,204.0
26,Male,Computer Science,10.0,Bus,Medium,201.0
25,Male,EEE,5.0,Bus,High,182.0
26,Female,EEE,10.0,Bus,Medium,227.0
26,Female,Computer Science,8.0,Bus,Low,243.0
26,Female,EEE,10.0,Bus,Medium,173.0
26,Male,EEE,8.0,Bus,Low,145.0
26,Female,Computer Science,9.0,Bus,Low,76.0
25,Female,EEE,8.0,Bus,High,184.0
26,Male,EEE,10.0,Bus,Medium,188.0
26,Male,Computer Science,6.0,Bus,Low,131.0
26,Male,Computer Science,8.0,Bus,High,98.0
26,Male,EEE,11.0,Bus,Medium,76.0
26,Male,Computer Science,6.0,Bus,High,196.0
25,Male,EEE,10.0,Bus,Low,67.0
26,Female,Computer Science,9.0,Bus,High,227.0
25,Female,EEE,10.0,Bus,High,178.0
26,Female,Computer Science,8.0,Bus,High,145.0
26,Female,Computer Science,4.0,Bus,Low,131.0
25,Female,Computer Science,7.0,Bus,Medium,77.0
25,Female,EEE,4.0,Bus,Medium,113.0
26,Male,Computer Science,10.0,Bus,Low,131.0
25,Female,Computer Science,10.0,Bus,Low,67.0
25,Female,Computer Science,6.0,Bus,High,131.0
25,Male,Computer Science,11.0,Bus,High,182.0
26,Female,Computer Science,10.0,Bus,Medium,243.0
26,Female,EEE,8.0,Bus,High,131.0
25,Male,EEE,4.0,Bus,High,148.0
26,Female,EEE,9.0,Bus,Medium,72.0
26,Male,Computer Science,10.0,Bus,Low,153.0
24,Female,Agriculture,0.3,Walk,Low,18.0
21,Male,Social Science,11.0,Bus,Medium,60.0
25,Male,Computer Science,1.0,Walk,Low,30.0
25,Male,Business Administration,23.0,Bus,Low,120.0
25,Male,EEE,1.0,Walk,Low,12.0
20,Female,Arts,5.0,Rickshaw,Medium,18.0
25,Female,Computer Science,0.5,Walk,Low,3.0
26,Male,EEE,3.0,Walk,Medium,20.0
25,Male,Education ,3.0,Rickshaw,Medium,60.0
26,Male,Education ,2.0,Walk,Low,60.0
24,Male,Arts,25.0,Bus,Medium,420.0
21,Male,Computer Science,2.0,Walk,Low,120.0
23,Male,Computer Science,0.4,Walk,Low,120.0
22,Male,Computer Science,1.0,Rickshaw,Low,18.0
22,Male,Computer Science,1.0,Walk,Low,18.0
27,Male,Computer Science,1.0,Walk,Medium,18.0
22,Male,Computer Science,1.0,Bike,Low,210.0
19,Male,Computer Science,1.0,Walk,Low,30.0
21,Male,Computer Science,1.0,Walk,Low,24.0
22,Male,Computer Science,1.5,Bicycle,Low,60.0
23,Male,Computer Science,1.0,Bike,Low,12.0
22,Male,Computer Science,2.0,Walk,Low,30.0
22,Male,Computer Science,2.0,Walk,Low,24.0
21,Male,Computer Science,0.3,Walk,Low,30.0
22,Male,Computer Science,1.0,Walk,Low,30.0
22,Male,Computer Science,2.0,Walk,Low,90.0
23,Male,Computer Science,0.5,Walk,Low,24.0
21,Female,Computer Science,0.5,Walk,Low,30.0
23,Male,Computer Science,0.25,Walk,Low,60.0
23,Male,Computer Science,2.0,Rickshaw,Low,60.0
21,Female,Computer Science,1.4,Walk,Medium,27.0
23,Male,Computer Science,1.0,Walk,Low,120.0
24,Male,Computer Science,2.0,Walk,Low,30.0
21,Male,Computer Science,1.0,Rickshaw,Low,60.0
23,Female,Computer Science,3.0,Rickshaw,Low,20.0
22,Female,Computer Science,0.07,Walk,Low,15.0
23,Male,Computer Science,4.0,Walk,Low,60.0
23,Male,Computer Science,1.0,Rickshaw,Low,30.0
22,Male,Computer Science,1.0,Walk,Low,19.8
22,Male,Computer Science,3.0,Walk,Low,60.0
22,Male,Computer Science,17.0,Bus,Low,150.0
22,Male,Computer Science,1.0,Walk,Low,12.0
23,Male,Computer Science,1.0,Walk,Low,18.0
26,Male,Computer Science,5.0,Bike,Medium,90.0
20,Female,Computer Science,1.0,Rickshaw,Low,15.0
23,Male,Computer Science,1.0,Walk,Low,600.0
21,Female,Computer Science,4.8,Rickshaw,Medium,60.0
24,Male,Computer Science,0.1,Walk,Low,15.0
24,Male,Computer Science,1.0,Walk,Low,60.0
24,Male,Computer Science,1.0,Walk,Medium,90.0
23,Male,Computer Science,7.0,Bus,Medium,18.0
25,Male,Computer Science,2.0,Rickshaw,Low,420.0
22,Female,Computer Science,2.5,Bus,Low,60.0
22,Male,Computer Science,1.0,Walk,Low,15.0
22,Male,Computer Science,0.5,Walk,Low,60.0
23,Male,Computer Science,0.8,Bike,Low,30.0
25,Female,Computer Science,1.5,Walk,Low,300.0
24,Male,Civil Engineering,5.0,Bike,Medium,180.0
21,Male,Civil Engineering,25.0,Bus,High,270.0
24,Male,Computer Science,6.0,Bus,Low,60.0
23,Male,Computer Science,2.0,Walk,Medium,60.0
24,Male,Computer Science,1.5,Walk,Medium,60.0
22,Male,Civil Engineering,1.0,Walk,Low,6.0
21,Female,Other,3.5,Rickshaw,Low,7.5
25,Female,Civil Engineering,2.3,Bike,Low,15.0
20,Female,Agriculture,13.0,Bus,Medium,120.0
20,Male,Computer Science,8.0,Bus,High,90.0
19,Female,Business Administration,2.8,Bus,Low,60.0
21,Male,Civil Engineering,17.0,Bus,Medium,180.0
21,Male,Computer Science,1.5,Walk,Low,30.0
24,Male,Computer Science,2.0,Walk,Low,120.0
21,Male,Agriculture,0.5,Walk,Low,6.0
21,Male,Civil Engineering,1.1,Walk,Low,12.0
21,Male,Agriculture,1.0,Walk,Low,480.0
25,Male,Computer Science,2.0,Walk,High,18.0
22,Female,Computer Science,20.0,Bus,Medium,210.0
24,Male,Computer Science,0.7,Walk,Low,15.0
26,Male,Computer Science,1.0,Walk,Low,40.0
25,Male,Computer Science,0.7,Walk,Low,30.0
26,Male,Computer Science,1.0,Walk,Low,30.0
21,Female,Agriculture,5.0,Bus,High,180.0
25,Female,Civil Engineering,1.0,Rickshaw,Low,12.0
27,Male,Computer Science,6.0,Bus,High,27.0
20,Male,Civil Engineering,6.0,Bus,Medium,60.0
21,Female,Agriculture,0.2,Walk,Low,60.0
19,Female,Business Administration,6.8,Bus,Medium,30.0
23,Male,Civil Engineering,0.4,Walk,Low,300.0
26,Male,Computer Science,3.0,Bus,Medium,90.0
20,Male,Computer Science,1.4,Walk,Low,30.0
21,Male,Computer Science,1.0,Walk,Medium,60.0
21,Male,Computer Science,3.0,Bus,Low,540.0
20,Female,Computer Science,1.0,Bike,Low,18.0
20,Male,Computer Science,1.0,Walk,Low,60.0
21,Female,Agriculture,1.2,Walk,Low,150.0
21,Male,Computer Science,1.2,Walk,Medium,30.0
22,Male,Computer Science,0.5,Walk,Low,20.0
21,Male,Computer Science,2.5,Bus,Low,360.0
22,Male,Civil Engineering,18.0,Bike,High,240.0
23,Male,Computer Science,0.5,Walk,Low,30.0
28,Male,Computer Science,0.0,Walk,Low,6.0
20,Female,Agriculture,2.0,Walk,Medium,120.0
22,Female,Computer Science,5.0,Bus,High,420.0
20,Male,BSAg ,1.0,Walk,Low,78.0
22,Male,Civil Engineering,0.5,Walk,Medium,60.0
25,Male,Computer Science,6.0,Bus,Medium,120.0
21,Male,Agriculture,15.0,Bus,Medium,120.0
34,Male,EEE,3.0,Bike,Medium,480.0
26,Male,Civil Engineering,1.0,Walk,Low,600.0
19,Female,Computer Science,2.0,Rickshaw,Low,60.0
22,Female,Agriculture,30.0,Bus,High,240.0
23,Male,Civil Engineering,10.0,Bus,High,780.0
23,Female,Agriculture,6.0,Bus,Medium,120.0
19,Male,Computer Science,2.0,Walk,Low,30.0
20,Male,Civil Engineering,2.0,Bus,High,36.0
23,Male,Computer Science,2.0,Bus,High,120.0
23,Male,Civil Engineering,2.0,Bus,Medium,30.0
20,Female,Computer Science,3.0,Bus,Low,480.0
21,Male,Computer Science,3.0,Walk,Low,120.0
25,Male,Computer Science,0.3,Walk,Low,12.0
21,Male,Computer Science,2.5,Bicycle,Low,24.0
21,Male,Civil Engineering,4.5,Bus,Medium,30.0
20,Male,Computer Science,2.0,Rickshaw,Low,30.0
21,Male,Computer Science,1.3,Walk,Low,72.0
20,Male,Computer Science,3.0,Walk,Medium,30.0
22,Male,Computer Science,2.0,Walk,Low,60.0
26,Male,Computer Science,3.0,Car,Medium,180.0
24,Male,Civil Engineering,3.0,Walk,Low,120.0
22,Male,Computer Science,5.0,Rickshaw,Medium,60.0
21,Male,Computer Science,1.5,Walk,Low,12.0
26,Male,Computer Science,1.0,Walk,Low,90.0
25,Male,Computer Science,2.0,Rickshaw,Low,15.0
25,Male,Computer Science,7.0,Bus,High,120.0
27,Male,Computer Science,7.3,Walk,Medium,150.0
24,Female,EEE,8.0,Bike,High,55.0
26,Male,Computer Science,17.0,Car,Medium,191.0
27,Female,Computer Science,6.0,Car,High,40.0
29,Male,Computer Science,5.0,Rickshaw,Low,91.0
23,Male,Computer Science,14.9,Bus,Medium,146.0
21,Female,Computer Science,14.0,Bus,High,206.0
20,Female,Computer Science,8.1,Bus,Medium,176.0
26,Female,Computer Science,12.8,Bus,High,233.0
21,Male,Computer Science,6.6,Bus,Medium,129.0
28,Female,Computer Science,16.0,Bus,High,223.0
23,Male,Computer Science,10.0,Bike,Medium,123.0
24,Male,Computer Science,13.0,Bus,Medium,136.0
20,Female,Computer Science,5.8,Bus,High,133.0
23,Female,Computer Science,19.0,Car,Medium,238.0
28,Male,Computer Science,8.7,Bus,High,188.0
29,Female,Computer Science,7.0,Bus,Medium,113.0
22,Male,EEE,10.0,Bus,High,182.0
22,Female,Computer Science,11.0,Bus,Medium,117.0
21,Female,Computer Science,14.0,Bus,Medium,167.0
25,Male,Computer Science,10.0,Bus,Medium,122.0
21,Male,Computer Science,8.0,Bus,High,101.0
23,Female,Computer Science,12.0,Bus,Medium,131.0
26,Male,Computer Science,6.0,Bus,High,127.0
23,Male,Computer Science,14.0,Car,Medium,138.0
21,Female,Computer Science,14.0,Bus,Medium,171.0
24,Male,Computer Science,8.0,Bus,High,107.0
21,Male,Computer Science,13.0,Bus,Medium,161.0
29,Female,Computer Science,10.0,Bus,High,156.0
24,Female,Computer Science,15.0,Bus,Medium,196.0
28,Male,Computer Science,19.0,Bike,High,246.0
29,Female,Computer Science,14.0,Bus,Medium,141.0
26,Male,Computer Science,11.0,Bus,High,211.0
26,Female,Physics,1.0,Walk,Low,35.0
27,Male,Social Science,1.6,Walk,Medium,30.0
26,Male,URP,4.0,Bike,Medium,20.0
26,Female,Nuclear Engineering,25.0,Bus,High,120.0
26,Female,Chemistry ,1.5,Rickshaw,Medium,20.0
25,Male,Computer Science,3.7,Bus,Medium,44.4
27,Male,Computer Science,10.3,Bus,High,154.5
30,Female,EEE,10.8,Bus,Low,86.4
28,Female,EEE,14.0,Car,Medium,140.0
20,Male,Engineering,11.7,Car,Medium,117.0
26,Male,Engineering,6.9,Bus,Medium,82.8
22,Female,EEE,6.9,Car,Low,48.3
21,Male,Engineering,12.5,Car,Low,87.5
18,Male,Engineering,4.8,Bus,Medium,57.6
23,Female,EEE,13.3,Car,Medium,133.0
21,Female,Engineering,1.6,Rickshaw,High,28.8
21,Female,EEE,9.0,Bus,Low,72.0
21,Female,Computer Science,6.4,Bus,Low,51.2
18,Female,Engineering,3.9,Car,Low,27.3
22,Male,Business Administration,7.2,Car,Low,50.4
28,Female,Computer Science,6.5,Bus,Low,52.0
21,Male,EEE,5.4,Car,Low,37.8
30,Female,Engineering,3.9,Bus,High,58.5
25,Male,Computer Science,12.8,Bus,Medium,153.6
27,Male,Engineering,7.2,Bus,Medium,86.4
21,Male,EEE,7.5,Car,Low,52.5
23,Female,Computer Science,14.9,Bus,High,223.5
30,Male,Engineering,14.2,Car,High,198.8
30,Female,EEE,14.5,Bus,Medium,174.0
25,Male,EEE,0.9,Rickshaw,High,16.2
22,Female,Engineering,14.8,Bus,High,222.0
20,Female,EEE,10.5,Car,Low,73.5
30,Male,EEE,8.5,Bus,Low,68.0
21,Male,Engineering,11.9,Bus,Medium,142.8
21,Female,Computer Science,7.4,Car,Low,51.8
26,Male,Computer Science,0.6,Walk,Low,6.0
30,Male,EEE,7.7,Bus,High,115.5
28,Female,Business Administration,14.1,Car,High,197.4
27,Male,Computer Science,12.6,Bus,Low,100.8
27,Female,Business Administration,7.8,Bus,Low,62.4
26,Female,Computer Science,14.3,Car,Medium,143.0
29,Female,Computer Science,14.1,Car,Medium,141.0
30,Male,EEE,14.5,Bus,Low,116.0
19,Female,Engineering,5.8,Bus,High,87.0
27,Female,Computer Science,0.6,Rickshaw,High,10.8
24,Female,Business Administration,5.4,Bus,Low,43.2
18,Female,Business Administration,8.5,Car,High,119.0
29,Female,EEE,4.7,Car,Medium,47.0
20,Male,Computer Science,9.2,Car,Low,64.4
28,Male,Business Administration,14.7,Car,Low,102.9
18,Male,Computer Science,6.4,Car,High,89.6
20,Female,Business Administration,4.4,Bus,High,66.0
29,Female,Computer Science,8.1,Bus,Low,64.8
24,Female,Engineering,6.1,Bus,High,91.5
25,Female,EEE,6.0,Car,High,84.0
24,Female,Engineering,2.5,Bus,Low,20.0
29,Female,EEE,12.1,Car,Medium,121.0
30,Female,Engineering,7.7,Car,Low,53.9
25,Male,Business Administration,3.9,Bus,Medium,46.8
20,Female,Business Administration,11.7,Car,Medium,117.0
19,Female,Business Administration,3.2,Bus,Medium,38.4
27,Female,Business Administration,5.7,Bus,Medium,68.4
28,Female,Business Administration,2.3,Bus,Medium,27.6
26,Male,Engineering,3.7,Bus,Low,29.6
25,Male,Engineering,0.8,Rickshaw,Low,9.6
29,Male,Engineering,5.8,Car,High,81.2
22,Male,Engineering,4.9,Bus,High,73.5
29,Female,Engineering,1.2,Walk,Low,12.0
18,Male,Business Administration,11.9,Bus,Medium,142.8
30,Male,Engineering,11.1,Bus,Medium,133.2
20,Male,EEE,4.1,Bus,High,61.5
21,Female,Computer Science,14.1,Car,Low,98.7
21,Male,EEE,9.3,Car,Low,65.1
20,Male,Engineering,7.4,Bus,Medium,88.8
22,Female,EEE,2.4,Bus,Low,19.2
19,Male,Business Administration,14.0,Bus,Low,112.0
26,Male,Business Administration,8.8,Bus,High,132.0
26,Female,Business Administration,2.1,Car,High,29.4
30,Female,Computer Science,14.3,Bus,High,214.5
22,Male,Business Administration,7.0,Bus,High,105.0
24,Male,Computer Science,9.5,Bus,High,142.5
18,Male,EEE,4.4,Car,Low,30.8
18,Male,EEE,4.2,Car,High,58.8
23,Female,Engineering,7.2,Bus,Medium,86.4
25,Female,Business Administration,3.6,Bus,Low,28.8
19,Male,EEE,13.2,Car,Low,92.4
21,Male,Business Administration,8.9,Car,Low,62.3
25,Male,EEE,12.7,Car,Low,88.9
28,Female,Computer Science,1.9,Walk,Low,19.0
28,Male,Business Administration,6.4,Bus,Medium,76.8
21,Female,Engineering,6.0,Car,High,84.0
18,Female,EEE,11.7,Bus,Medium,140.4
26,Male,Computer Science,14.1,Car,Medium,141.0
19,Female,Engineering,2.4,Bus,Medium,28.8
27,Female,EEE,1.8,Walk,Low,18.0
23,Female,EEE,9.1,Bus,Medium,109.2
22,Female,Business Administration,5.6,Car,Medium,56.0
18,Female,Business Administration,0.8,Rickshaw,High,14.4
19,Male,EEE,12.6,Car,Low,88.2
30,Female,Business Administration,12.3,Bus,High,184.5
18,Female,Business Administration,8.7,Bus,High,130.5
26,Male,EEE,6.8,Car,Medium,68.0
19,Female,EEE,3.1,Car,High,43.4
19,Male,Business Administration,6.5,Car,Medium,65.0
26,Male,Computer Science,8.7,Bus,Low,94.0
24,Male,Computer Science,11.8,Car,Medium,108.0
23,Male,Computer Science,3.5,Bus,High,115.0
26,Male,Computer Science,9.8,Car,High,78.0
27,Male,Computer Science,4.0,Car,High,93.0
23,Male,Computer Science,3.4,Car,Medium,125.0
26,Male,EEE,3.4,Bus,Medium,34.0
27,Male,Computer Science,5.1,Walk,High,84.0
25,Male,Computer Science,8.9,Bus,High,124.0
26,Male,Computer Science,7.4,Rickshaw,Medium,84.0
25,Male,Computer Science,9.1,Car,High,82.0
26,Male,Computer Science,6.8,Bus,Medium,73.0
26,Male,Computer Science,5.8,Walk,Low,74.0
25,Male,Computer Science,10.4,Bus,High,72.0
22,Male,Computer Science,1.8,Rickshaw,Medium,35.0
23,Male,Computer Science,11.7,Rickshaw,Medium,207.0
26,Female,Computer Science,5.1,Bus,High,142.0
22,Male,Computer Science,2.1,Car,Medium,40.0
24,Male,Computer Science,4.0,Rickshaw,High,101.0
26,Male,Computer Science,5.4,Bike,Medium,99.0
24,Male,Computer Science,5.0,Bus,High,5.0
28,Male,Computer Science,14.3,Bike,Medium,188.0
25,Male,Computer Science,1.9,Walk,Medium,17.0
25,Male,Computer Science,3.7,Bus,High,105.0
23,Male,Computer Science,6.7,Bike,Medium,89.0
27,Male,Computer Science,11.1,Car,Low,84.0
26,Male,Computer Science,2.0,Walk,Medium,36.0
24,Male,Computer Science,9.6,Bus,High,232.0
27,Male,Computer Science,4.5,Walk,Medium,64.0
27,Male,Computer Science,5.4,Bike,Medium,62.0
23,Male,Computer Science,5.2,Bike,Low,90.0
26,Male,Computer Science,10.2,Walk,High,78.0
24,Male,Computer Science,3.3,Bus,Medium,110.0
25,Male,Computer Science,2.2,Bike,High,23.0
27,Male,Computer Science,3.3,Bus,Low,107.0
23,Male,Computer Science,4.4,Walk,Medium,87.0
27,Male,Computer Science,4.3,Bus,Medium,134.0
22,Male,Computer Science,10.2,Car,Medium,89.0
24,Male,Computer Science,4.7,Bus,Low,118.0
27,Male,Computer Science,8.3,Car,Medium,88.0
26,Male,Computer Science,1.8,Walk,High,24.0
26,Male,Computer Science,2.0,Walk,Medium,19.0
28,Male,Computer Science,7.4,Bus,Medium,139.0
26,Male,Computer Science,5.4,Bike,High,82.0
25,Male,Computer Science,6.7,Bike,High,102.0
27,Male,Computer Science,8.4,Car,Low,234.0
26,Male,Computer Science,3.8,Bus,High,85.0
25,Male,Computer Science,9.3,Rickshaw,Medium,131.0
26,Male,EEE,3.0,Bus,Low,40.0
23,Female,Computer Science,4.6,Bus,High,138.0
26,Male,Computer Science,10.7,Car,High,200.0
25,Male,Computer Science,9.5,Bike,Low,88.0
26,Male,Computer Science,8.4,Walk,High,79.0
23,Male,Computer Science,2.3,Walk,Low,20.0
25,Male,Computer Science,3.3,Bike,Medium,130.0
26,Male,Computer Science,2.3,Rickshaw,Medium,32.0
25,Male,Computer Science,4.6,Walk,High,108.0
25,Male,Computer Science,6.5,Bike,Medium,5.0
23,Male,Computer Science,8.2,Car,High,64.0
26,Male,Computer Science,9.8,Bus,High,207.0
23,Male,Computer Science,7.6,Bus,High,229.0
26,Male,Computer Science,9.8,Bus,High,185.0
24,Male,Computer Science,3.4,Bus,High,96.0
25,Male,Computer Science,6.3,Bus,Medium,70.0
23,Male,Computer Science,5.9,Car,High,78.0
21,Male,Computer Science,9.5,Car,High,95.0
26,Male,Computer Science,6.6,Bike,High,104.0
26,Female,Computer Science,3.4,Rickshaw,High,106.0
24,Male,Computer Science,1.8,Walk,Low,16.0
26,Male,Computer Science,6.6,Walk,High,104.0
26,Male,Computer Science,6.5,Bike,High,89.0
28,Male,Computer Science,8.7,Bus,High,160.0
25,Male,Computer Science,9.3,Car,High,98.0
24,Male,Computer Science,2.1,Bike,Low,19.0
27,Male,EEE,3.0,Bus,Medium,33.0
26,Male,Computer Science,4.2,Bike,High,110.0
25,Male,Computer Science,4.1,Car,High,98.0
24,Male,Computer Science,5.8,Bus,Medium,59.0
23,Male,Computer Science,11.7,Bus,High,216.0
23,Female,Computer Science,4.5,Walk,Low,119.0
24,Male,Computer Science,9.1,Rickshaw,High,125.0
24,Male,Computer Science,12.3,Bus,Low,91.0
33,Female,Computer Science,9.6,Bus,High,77.0
38,Male,EEE,12.6,Bus,High,157.0
39,Male,English,14.2,Bus,High,132.0
36,Male,Computer Science,8.9,Bike,High,93.0
27,Male,Business Administration,6.2,Bus,High,44.0
38,Female,Computer Science,9.0,Bus,High,92.0
30,Female,Business Administration,13.1,Bike,High,116.0
21,Female,EEE,13.0,Bus,High,100.0
23,Female,Computer Science,5.2,Car,High,50.0
36,Female,English,4.4,Car,Low,27.0
38,Male,Computer Science,3.2,Bus,High,43.0
22,Male,English,9.3,Bus,Medium,62.0
35,Female,Economics,14.4,Bike,High,151.0
32,Male,Computer Science,9.8,Bus,Medium,69.0
28,Male,English,12.9,Car,High,154.0
25,Female,English,9.4,Bike,Medium,92.0
22,Male,Economics,12.4,Bus,High,134.0
25,Male,EEE,7.0,Car,High,100.0
23,Female,Computer Science,2.0,Bike,Low,25.0
27,Male,EEE,10.0,Bus,High,150.0
24,Female,Computer Science,8.0,Car,Medium,80.0
25,Male,Computer Science,6.0,Bus,Low,50.0
26,Male,EEE,4.0,Walk,Low,40.0
23,Male,Computer Science,9.0,Bus,High,130.0
25,Female,Computer Science,5.0,Bike,Medium,60.0
24,Male,EEE,3.0,Car,Low,45.0
27,Female,Computer Science,12.0,Bus,High,160.0
26,Male,Computer Science,7.0,Car,Medium,90.0
25,Male,EEE,4.0,Bike,Low,35.0
23,Female,Computer Science,6.0,Bus,Medium,70.0
24,Male,Computer Science,10.0,Car,High,110.0
26,Female,EEE,8.0,Bus,Medium,100.0
25,Male,Computer Science,5.0,Walk,Low,20.0
27,Male,Computer Science,9.0,Bus,High,140.0
23,Female,EEE,3.0,Bike,Low,30.0
24,Male,Computer Science,7.0,Car,Medium,85.0
26,Male,Computer Science,6.0,Bus,Low,55.0
25,Female,EEE,4.0,Walk,Low,25.0
27,Female,Computer Science,11.0,Bus,High,170.0
23,Male,Computer Science,8.0,Car,Medium,95.0
24,Female,EEE,5.0,Bike,Medium,50.0
26,Male,Computer Science,9.0,Bus,High,120.0
25,Male,Computer Science,3.0,Walk,Low,15.0
27,Female,EEE,7.0,Car,Medium,105.0
23,Male,Computer Science,10.0,Bus,High,150.0
24,Female,Computer Science,6.0,Bike,Medium,65.0
26,Male,EEE,4.0,Walk,Low,35.0
25,Female,Computer Science,8.0,Car,High,115.0
27,Male,Computer Science,5.0,Bus,Medium,75.0
23,Female,EEE,7.0,Bike,Low,40.0
24,Male,Computer Science,6.0,Bus,Medium,70.0
25,Female,EEE,8.0,Car,High,120.0
26,Male,Computer Science,7.0,Bus,Low,60.0
23,Female,Computer Science,5.0,Bike,Medium,55.0
27,Male,EEE,9.0,Bus,High,130.0
24,Female,Computer Science,4.0,Walk,Low,25.0
25,Male,Computer Science,10.0,Car,Medium,100.0
26,Female,EEE,6.0,Bus,Medium,80.0
23,Male,Computer Science,8.0,Bike,High,90.0
27,Female,Computer Science,3.0,Walk,Low,20.0
24,Male,EEE,7.0,Bus,Medium,75.0
25,Female,Computer Science,5.0,Car,High,110.0
26,Male,Computer Science,9.0,Bus,Medium,95.0
23,Female,EEE,4.0,Bike,Low,30.0
27,Male,Computer Science,6.0,Bus,High,140.0
24,Female,Computer Science,8.0,Car,Medium,105.0
25,Male,EEE,3.0,Walk,Low,15.0
26,Female,Computer Science,7.0,Bus,Medium,85.0
23,Female,Computer Science,9.0,Bike,High,100.0
27,Female,EEE,5.0,Car,Medium,115.0
24,Male,Computer Science,4.0,Bus,Low,50.0
25,Female,Computer Science,6.0,Walk,Medium,35.0
26,Male,EEE,8.0,Bus,High,120.0
23,Female,Computer Science,7.0,Car,Medium,90.0
27,Male,Computer Science,5.0,Bike,Low,45.0
24,Female,EEE,9.0,Bus,Medium,110.0
25,Male,Computer Science,3.0,Walk,Low,20.0
26,Female,Computer Science,10.0,Car,High,130.0
23,Male,EEE,6.0,Bus,Medium,70.0
27,Female,Computer Science,8.0,Bike,High,95.0
24,Male,Computer Science,5.0,Bus,Medium,60.0
25,Female,EEE,7.0,Car,Low,40.0
26,Male,Computer Science,9.0,Bus,High,140.0
23,Female,Computer Science,4.0,Walk,Medium,25.0
27,Male,EEE,10.0,Car,Medium,120.0
24,Female,Computer Science,6.0,Bike,High,85.0
25,Male,Computer Science,8.0,Bus,Medium,100.0
26,Female,EEE,5.0,Walk,Low,30.0
23,Male,Computer Science,7.0,Car,High,110.0
27,Female,Computer Science,9.0,Bus,Medium,105.0
24,Male,EEE,3.0,Bike,Low,20.0
25,Female,Computer Science,10.0,Bus,High,130.0
26,Male,Computer Science,6.0,Car,Medium,90.0
23,Female,EEE,8.0,Walk,Low,35.0
27,Male,Computer Science,5.0,Bike,Medium,55.0
24,Female,Computer Science,9.0,Bus,High,140.0
25,Male,EEE,4.0,Car,Medium,75.0
26,Female,Computer Science,7.0,Bus,Low,60.0
23,Male,Computer Science,10.0,Bike,High,100.0
27,Female,EEE,6.0,Walk,Medium,40.0
24,Male,Computer Science,8.0,Bus,Medium,95.0
25,Female,Computer Science,3.0,Car,High,120.0
26,Male,EEE,9.0,Bus,Medium,85.0
23,Female,Computer Science,5.0,Bike,Low,30.0
27,Male,Computer Science,7.0,Walk,Medium,25.0
24,Female,EEE,10.0,Car,High,130.0
25,Male,Computer Science,6.0,Bus,Medium,70.0
26,Female,Computer Science,8.0,Bike,High,90.0
23,Male,EEE,4.0,Walk,Low,20.0
27,Female,Computer Science,9.0,Bus,Medium,110.0
24,Male,Computer Science,5.0,Car,High,115.0
25,Female,EEE,7.0,Bus,Medium,80.0
26,Male,Computer Science,10.0,Bike,Low,45.0
23,Female,Computer Science,6.0,Walk,Medium,35.0
27,Male,EEE,8.0,Bus,High,140.0
24,Female,Computer Science,3.0,Car,Medium,60.0
25,Male,Computer Science,9.0,Bike,High,100.0
23,Male,Computer Science,7.0,Bus,Medium,90.0
27,Female,Computer Science,10.0,Car,High,130.0
24,Male,EEE,6.0,Bike,Medium,85.0
25,Female,Computer Science,8.0,Bus,Medium,105.0
26,Male,Computer Science,4.0,Walk,Low,20.0
23,Female,Computer Science,9.0,Car,High,120.0
27,Male,EEE,5.0,Bus,Medium,75.0
24,Female,Computer Science,7.0,Bike,Low,40.0
25,Male,Computer Science,10.0,Walk,Medium,25.0
26,Female,EEE,6.0,Bus,High,140.0
27,Female,Computer Science,4.0,Bike,High,100.0
24,Male,EEE,9.0,Bus,Medium,110.0
25,Female,Computer Science,5.0,Walk,Low,30.0
26,Male,Computer Science,7.0,Car,High,130.0
23,Female,Computer Science,10.0,Bus,Medium,85.0
27,Male,EEE,6.0,Bike,Low,35.0
24,Female,Computer Science,8.0,Walk,Medium,20.0
25,Male,Computer Science,9.0,Bus,High,140.0
26,Female,EEE,5.0,Car,Medium,75.0
23,Male,Computer Science,7.0,Bike,Medium,60.0
27,Female,Computer Science,10.0,Bus,High,130.0
24,Male,EEE,4.0,Walk,Low,25.0
25,Female,Computer Science,6.0,Car,Medium,90.0
26,Male,Computer Science,8.0,Bus,Medium,100.0
23,Female,EEE,9.0,Bike,High,95.0
27,Male,Computer Science,5.0,Walk,Medium,30.0
24,Female,Computer Science,10.0,Bus,High,140.0
25,Male,EEE,7.0,Car,Medium,105.0
26,Female,Computer Science,6.0,Bike,Low,40.0
23,Male,Computer Science,8.0,Walk,Medium,20.0
27,Female,EEE,9.0,Bus,High,130.0
24,Male,Computer Science,5.0,Car,Medium,75.0
25,Female,Computer Science,10.0,Bike,Medium,60.0
26,Male,EEE,4.0,Walk,Low,25.0
23,Female,Computer Science,7.0,Bus,High,140.0
27,Male,Computer Science,6.0,Car,Medium,90.0
24,Female,EEE,8.0,Bike,High,100.0
25,Male,Computer Science,9.0,Walk,Medium,30.0
26,Female,Computer Science,10.0,Bus,High,130.0
23,Male,EEE,5.0,Car,Medium,85.0
27,Female,Computer Science,7.0,Bike,Low,35.0
24,Male,Computer Science,8.0,Walk,Medium,20.0
25,Female,Computer Science,9.0,Bus,High,140.0
26,Male,EEE,6.0,Car,Medium,75.0
23,Female,Computer Science,10.0,Bike,Medium,60.0
27,Male,Computer Science,4.0,Walk,Low,25.0
24,Female,EEE,7.0,Bus,High,130.0
25,Male,Computer Science,8.0,Car,Medium,90.0
26,Female,Computer Science,9.0,Bike,High,100.0
23,Male,EEE,5.0,Walk,Medium,30.0
27,Female,Computer Science,10.0,Bus,High,140.0
24,Male,Computer Science,6.0,Car,Medium,105.0
25,Female,EEE,7.0,Bike,Low,40.0
26,Male,Computer Science,8.0,Walk,Medium,20.0
23,Female,Computer Science,9.0,Bus,High,130.0
27,Male,EEE,5.0,Car,Medium,75.0
24,Female,Computer Science,10.0,Bike,Medium,60.0
25,Male,Computer Science,4.0,Walk,Low,25.0
26,Female,Computer Science,7.0,Bus,High,140.0
23,Male,Computer Science,8.0,Car,Medium,90.0
27,Female,EEE,9.0,Bike,High,100.0
24,Male,Computer Science,5.0,Walk,Medium,30.0
26,Male,EEE,6.0,Car,Medium,85.0
23,Female,Computer Science,7.0,Bike,Low,35.0
27,Male,Computer Science,8.0,Walk,Medium,20.0
24,Female,EEE,9.0,Bus,High,140.0
25,Male,Computer Science,5.0,Car,Medium,75.0
26,Female,Computer Science,10.0,Bike,Medium,60.0
23,Male,EEE,4.0,Walk,Low,25.0
27,Female,Computer Science,7.0,Bus,High,130.0
24,Male,Computer Science,8.0,Car,Medium,90.0
25,Female,EEE,9.0,Bike,High,100.0
26,Male,Computer Science,5.0,Walk,Medium,30.0
23,Female,Computer Science,10.0,Bus,High,140.0
27,Male,EEE,6.0,Car,Medium,105.0
25,Male,Computer Science,8.0,Walk,Medium,20.0
26,Female,Computer Science,9.0,Bus,High,130.0
23,Male,EEE,5.0,Car,Medium,75.0
27,Female,Computer Science,10.0,Bike,Medium,60.0
24,Male,Computer Science,4.0,Walk,Low,25.0
25,Female,Computer Science,7.0,Bus,High,140.0
26,Male,EEE,8.0,Car,Medium,90.0
24,Female,EEE,10.0,Bus,High,130.0
25,Male,Computer Science,6.0,Car,Medium,85.0
26,Female,Computer Science,8.0,Bike,Low,35.0
23,Male,Computer Science,9.0,Walk,Medium,20.0
27,Female,EEE,7.0,Bus,High,140.0
23,Female,Computer Science,8.0,Bus,High,130.0
24,Female,EEE,9.0,Bike,High,100.0
25,Male,Computer Science,5.0,Walk,Medium,30.0
26,Female,Computer Science,10.0,Bus,High,140.0
23,Male,EEE,7.0,Car,Medium,105.0
27,Female,Computer Science,8.0,Bike,Low,40.0
24,Male,Computer Science,9.0,Walk,Medium,20.0
23,Female,Computer Science,7.0,Bike,Medium,60.0
24,Female,EEE,8.0,Bus,High,140.0
25,Male,Computer Science,9.0,Car,Medium,90.0
26,Female,Computer Science,5.0,Bike,High,100.0
23,Male,EEE,10.0,Walk,Medium,30.0
27,Female,Computer Science,6.0,Bus,High,130.0
25,Female,EEE,8.0,Bike,Low,35.0
26,Male,Computer Science,9.0,Walk,Medium,20.0
24,Female,Computer Science,8.0,Bike,Medium,60.0
26,Female,Computer Science,7.0,Bus,High,130.0
23,Male,Computer Science,9.0,Car,Medium,90.0
27,Female,EEE,10.0,Bike,High,100.0
25,Female,Computer Science,8.0,Bus,High,140.0
27,Male,Computer Science,9.0,Walk,Medium,20.0
25,Male,Computer Science,6.0,Car,Medium,75.0
26,Female,Computer Science,8.0,Bike,Medium,60.0
27,Female,Computer Science,7.0,Bus,High,140.0
24,Male,Computer Science,9.0,Car,Medium,90.0
25,Female,EEE,10.0,Bike,High,100.0
25,Male,Computer Science,9.0,Walk,Medium,20.0
27,Female,Computer Science,8.0,Bike,Medium,60.0
25,Female,Computer Science,7.0,Bus,High,130.0
26,Male,EEE,9.0,Car,Medium,90.0
23,Female,Computer Science,10.0,Bike,High,100.0
26,Female,Computer Science,9.0,Bike,Low,35.0
23,Male,Computer Science,10.0,Walk,Medium,20.0
27,Female,EEE,7.0,Bus,High,130.0
25,Female,Computer Science,8.0,Bike,Medium,60.0
23,Female,Computer Science,9.0,Bus,High,140.0
24,Female,EEE,10.0,Bike,High,100.0
26,Female,Computer Science,8.0,Bus,High,130.0
27,Female,Computer Science,9.0,Bike,Low,40.0
24,Male,Computer Science,10.0,Walk,Medium,20.0
24,Female,EEE,8.0,Bus,High,130.0
26,Female,EEE,10.0,Bike,High,100.0
23,Male,Computer Science,5.0,Walk,Medium,30.0
27,Female,Computer Science,8.0,Bus,High,140.0
24,Male,EEE,6.0,Car,Medium,85.0
25,Female,Computer Science,9.0,Bike,Low,35.0
36,Male,Computer Science,5.0,Bike,Medium,60.0
29,Male,Computer Science,10.0,Bus,Medium,180.0
35,Male,Engineering,12.0,Bike,Medium,90.0
34,Male,Business Administration,16.0,Car,High,48.0
34,Female,Law,2.0,Bus,Low,30.0
38,Female,Arts,20.0,Car,High,180.0
31,Female,Business Administration,10.0,Bike,Medium,45.0
39,Male,Arts,6.0,Bike,Low,18.0
22,Male,Engineering,18.0,Walk,Medium,324.0
24,Male,Engineering,15.0,Bus,Low,65.0
38,Female,Computer Science,19.0,Bike,High,180.0
26,Male,Law,7.0,Bike,Low,35.0
28,Male,Arts,12.0,Car,Low,45.0
26,Female,Business Administration,12.0,Bus,Low,150.0
37,Male,Engineering,20.0,Car,Low,120.0
23,Female,Computer Science,2.0,Car,Low,25.0
33,Female,Computer Science,7.0,Bus,Medium,80.0
37,Female,Arts,5.0,Walk,Low,60.0
28,Male,Engineering,6.0,Car,Low,30.0
21,Male,Law,10.0,Bike,High,60.0
39,Male,Engineering,8.0,Car,Low,30.0
34,Male,Arts,8.0,Bus,High,135.0
26,Male,Arts,17.0,Bus,Medium,190.0
31,Male,Engineering,19.0,Bus,Low,140.0
27,Male,Arts,2.0,Walk,High,40.0
34,Female,Engineering,5.0,Car,High,75.0
22,Male,Business Administration,14.0,Car,Medium,200.0
33,Female,Engineering,1.0,Walk,Low,25.0
36,Male,Engineering,6.0,Bus,Low,35.0
23,Male,Arts,7.0,Bus,High,50.0
37,Male,Arts,3.0,Walk,Low,30.0
27,Female,Computer Science,15.0,Car,High,150.0
23,Female,Computer Science,4.0,Bike,Low,20.0
21,Female,Business Administration,14.0,Bus,High,250.0
25,Female,Computer Science,12.0,Car,Low,85.0
29,Male,Engineering,7.0,Bus,Medium,60.0
23,Female,Arts,9.0,Bus,Low,30.0
37,Male,Computer Science,6.0,Car,Low,25.0
31,Male,Computer Science,13.0,Bike,Medium,60.0
21,Female,Business Administration,3.0,Bus,Low,20.0
29,Female,Business Administration,1.0,Bus,Medium,20.0
23,Female,Engineering,13.0,Bus,Low,70.0
33,Female,Arts,5.0,Car,High,85.0
35,Female,Business Administration,2.0,Walk,High,30.0
34,Female,Computer Science,9.0,Bus,Low,45.0
27,Female,Arts,2.0,Walk,Low,25.0
33,Female,Arts,18.0,Bike,Low,70.0
27,Male,Computer Science,2.0,Bus,High,40.0
35,Female,Business Administration,12.0,Bus,Low,60.0
32,Female,Computer Science,9.0,Bike,High,54.0
37,Male,Arts,14.0,Bus,Medium,130.0
34,Female,Law,7.0,Walk,High,120.0
32,Male,Law,4.0,Car,High,35.0
28,Male,Engineering,5.0,Walk,Medium,60.0
34,Female,Computer Science,17.0,Car,High,245.0
32,Male,Computer Science,17.0,Car,Low,150.0
20,Male,Engineering,6.0,Walk,Low,90.0
26,Male,Engineering,2.0,Walk,High,45.0
28,Male,Engineering,1.0,Walk,Low,25.0
20,Female,Arts,11.0,Bus,High,210.0
31,Male,Computer Science,7.0,Bike,Low,50.0
27,Female,Arts,17.0,Bus,Low,100.0
30,Male,Engineering,6.0,Car,High,60.0
38,Male,Computer Science,19.0,Bus,Low,200.0
36,Male,Arts,10.0,Car,High,150.0
27,Male,Arts,17.0,Bike,Low,140.0
22,Female,Engineering,5.0,Bike,Low,25.0
22,Female,Computer Science,4.0,Walk,Medium,55.0
20,Male,Engineering,14.0,Bus,Medium,180.0
24,Male,Computer Science,4.0,Walk,High,60.0
29,Female,Law,4.0,Bus,Medium,30.0
26,Male,Business Administration,19.0,Bike,High,140.0
28,Male,Business Administration,15.0,Car,Medium,190.0
26,Male,Business Administration,2.0,Car,Low,20.0
28,Female,Engineering,9.0,Car,High,80.0
27,Female,Law,9.0,Car,High,100.0
31,Female,Computer Science,15.0,Bike,Low,90.0
21,Male,Arts,6.0,Bike,High,50.0
20,Male,Computer Science,5.0,Car,High,45.0
35,Female,Arts,3.0,Walk,Medium,35.0
24,Female,Computer Science,9.0,Bike,High,75.0
25,Male,Computer Science,1.5,Rickshaw,Low,40.0
25,Male,Computer Science,3.0,Bus,Medium,60.0
24,Male,Computer Science,1.5,Bus,Low,30.0
31,Male,GE,8.0,Bus,High,120.0
18,Male,GE,0.5,Walk,Low,10.0
26,Male,IPE,0.5,Walk,Low,15.0
26,Male,IPE,0.5,Walk,Low,14.0
25,Male,MBBS,0.2,Walk,Low,8.0
27,Male,Computer Science,4.0,Bus,Medium,50.0
27,Male,Computer Science,7.0,Bus,Medium,140.0
22,Male,Computer Science,6.0,Bus,High,140.0
